position,scenario,exercise,trafficType,objectId,timestamp,visible,authorized,moving,speed,status,phase,name,creator,heading,droneType,onlyRadar
{"lat":"45.625973455795105","lng":"8.719449853566177"},"LIMC","2022-06-08 09:31:57.247","plane","ADH138",1549641081000,true,true,false,0,"ok","STATIONARY","ADH138","eArts",79,"UNKNOW","false"
{"lat":"45.621954133615844","lng":"8.71580164458004"},"LIMC","2022-06-08 09:31:57.247","plane","NAPOLI",1549641081000,true,true,false,0,"ok","STATIONARY","NAPOLI","eArts",529,"UNKNOW","false"
{"lat":"45.62043065925101","lng":"8.720971821513615"},"LIMC","2022-06-08 09:31:57.247","plane","AUA516P",1549641082000,true,true,false,0,"ok","STATIONARY","AUA516P","eArts",80,"UNKNOW","false"
{"lat":"45.621954133615844","lng":"8.71580164458004"},"LIMC","2022-06-08 09:31:57.247","plane","NAPOLI",1549641082000,true,true,false,0,"ok","STATIONARY","NAPOLI","eArts",529,"UNKNOW","false"
{"lat":"45.62043065925101","lng":"8.720971821513615"},"LIMC","2022-06-08 09:31:57.247","plane","AUA516P",1549641080000,true,true,false,0,"ok","STATIONARY","AUA516P","eArts",80,"UNKNOW","false"
{"lat":"45.63600780059732","lng":"8.7640989897461"},"LIMC","2022-06-08 09:31:57.247","drone","O046ySYt3uAlSdLaaRM2",1549641081000,false,false,false,3,"ok","none","Drone_02"," - Flutter App",0,"zEctzVjoRiZ7T5aBTe6J","true"
{"lat":"45.63600780059732","lng":"8.7640989897461"},"LIMC","2022-06-08 09:31:57.247","drone","O046ySYt3uAlSdLaaRM2",1549641083000,false,false,false,3,"ok","none","Drone_02"," - Flutter App",0,"zEctzVjoRiZ7T5aBTe6J","true"
{"lat":"45.65010932415166","lng":"8.769248831054695"},"LIMC","2022-06-08 09:31:57.247","drone","fxOZQqBHKOtnQFskdkHw",1549641083000,false,false,false,3,"ok","none","Drone_01"," - Flutter App",0,"1FP8D5Gx2nCkwsXKiTPb","true"
{"lat":"45.62043065925101","lng":"8.720971821513615"},"LIMC","2022-06-08 09:31:57.247","plane","AUA516P",1549641084000,true,true,false,0,"ok","STATIONARY","AUA516P","eArts",80,"UNKNOW","false"
{"lat":"45.63600780059732","lng":"8.7640989897461"},"LIMC","2022-06-08 09:31:57.247","drone","O046ySYt3uAlSdLaaRM2",1549641085000,false,false,false,3,"ok","none","Drone_02"," - Flutter App",0,"zEctzVjoRiZ7T5aBTe6J","true"
{"lat":"45.61397832124927","lng":"8.775686132690437"},"LIMC","2022-06-08 09:31:57.247","drone","aM5zLwZDGDJciBNEtA17",1549641085000,false,false,false,3,"ok","none","Drone_03"," - Flutter App",0,"AOe1Xx3NxyiGci0wcwNf","true"
{"lat":"45.65010932415166","lng":"8.769248831054695"},"LIMC","2022-06-08 09:31:57.247","drone","fxOZQqBHKOtnQFskdkHw",1549641085000,false,false,false,3,"ok","none","Drone_01"," - Flutter App",0,"1FP8D5Gx2nCkwsXKiTPb","true"
{"lat":"45.625973455795105","lng":"8.719449853566177"},"LIMC","2022-06-08 09:31:57.247","plane","ADH138",1549641086000,true,true,false,0,"ok","STATIONARY","ADH138","eArts",79,"UNKNOW","false"
{"lat":"45.62460250393698","lng":"8.719825728416836"},"LIMC","2022-06-08 09:31:57.247","plane","ADH124",1549641090000,true,true,false,0,"ok","STATIONARY","ADH124","eArts",78,"UNKNOW","false"
{"lat":"45.625973455795105","lng":"8.719449853566177"},"LIMC","2022-06-08 09:31:57.247","plane","ADH138",1549641091000,true,true,false,0,"ok","STATIONARY","ADH138","eArts",79,"UNKNOW","false"
{"lat":"45.64605738463119","lng":"8.725169731353391"},"LIMC","2022-06-08 09:31:57.247","plane","EZY363E",1549641095000,true,true,false,0,"ok","STATIONARY","EZY363E","eArts",259,"UNKNOW","false"
{"lat":"45.62417644286196","lng":"8.717764525109455"},"LIMC","2022-06-08 09:31:57.247","plane","AEA406",1549641095000,true,true,false,0,"ok","STATIONARY","AEA406","eArts",324,"UNKNOW","false"
{"lat":"45.621954133615844","lng":"8.71580164458004"},"LIMC","2022-06-08 09:31:57.247","plane","NAPOLI",1549641096000,true,true,false,0,"ok","STATIONARY","NAPOLI","eArts",529,"UNKNOW","false"
{"lat":"45.63600780059732","lng":"8.7640989897461"},"LIMC","2022-06-08 09:31:57.247","drone","O046ySYt3uAlSdLaaRM2",1549641103000,false,false,false,3,"ok","none","Drone_02"," - Flutter App",0,"zEctzVjoRiZ7T5aBTe6J","true"
{"lat":"45.64605738463119","lng":"8.725169731353391"},"LIMC","2022-06-08 09:31:57.247","plane","EZY363E",1549641104000,true,true,false,0,"ok","STATIONARY","EZY363E","eArts",259,"UNKNOW","false"
{"lat":"45.621954133615844","lng":"8.71580164458004"},"LIMC","2022-06-08 09:31:57.247","plane","NAPOLI",1549641104000,true,true,false,0,"ok","STATIONARY","NAPOLI","eArts",529,"UNKNOW","false"
{"lat":"45.625973455795105","lng":"8.719449853566177"},"LIMC","2022-06-08 09:31:57.247","plane","ADH138",1549641105000,true,true,false,0,"ok","STATIONARY","ADH138","eArts",79,"UNKNOW","false"
{"lat":"45.61397832124927","lng":"8.775686132690437"},"LIMC","2022-06-08 09:31:57.247","drone","aM5zLwZDGDJciBNEtA17",1549641106000,false,false,false,3,"ok","none","Drone_03"," - Flutter App",0,"AOe1Xx3NxyiGci0wcwNf","true"
{"lat":"45.64551675894887","lng":"8.724741292395818"},"LIMC","2022-06-08 09:31:57.247","plane","EZY152X",1549641106000,true,true,false,0,"ok","STATIONARY","EZY152X","eArts",349,"UNKNOW","false"
{"lat":"45.62460250393698","lng":"8.719825728416836"},"LIMC","2022-06-08 09:31:57.247","plane","ADH124",1549641109000,true,true,false,0,"ok","STATIONARY","ADH124","eArts",78,"UNKNOW","false"
{"lat":"45.63600780059732","lng":"8.7640989897461"},"LIMC","2022-06-08 09:31:57.247","drone","O046ySYt3uAlSdLaaRM2",1549641111000,false,false,false,3,"ok","none","Drone_02"," - Flutter App",0,"zEctzVjoRiZ7T5aBTe6J","true"
{"lat":"45.64605738463119","lng":"8.725169731353391"},"LIMC","2022-06-08 09:31:57.247","plane","EZY363E",1549641112000,true,true,false,0,"ok","STATIONARY","EZY363E","eArts",259,"UNKNOW","false"
{"lat":"45.62043065925101","lng":"8.720971821513615"},"LIMC","2022-06-08 09:31:57.247","plane","AUA516P",1549641113000,true,true,false,0,"ok","STATIONARY","AUA516P","eArts",80,"UNKNOW","false"
{"lat":"45.61397832124927","lng":"8.775686132690437"},"LIMC","2022-06-08 09:31:57.247","drone","aM5zLwZDGDJciBNEtA17",1549641113000,false,false,false,3,"ok","none","Drone_03"," - Flutter App",0,"AOe1Xx3NxyiGci0wcwNf","true"
{"lat":"45.65010932415166","lng":"8.769248831054695"},"LIMC","2022-06-08 09:31:57.247","drone","fxOZQqBHKOtnQFskdkHw",1549641113000,false,false,false,3,"ok","none","Drone_01"," - Flutter App",0,"1FP8D5Gx2nCkwsXKiTPb","true"
{"lat":"45.62460250393698","lng":"8.719825728416836"},"LIMC","2022-06-08 09:31:57.247","plane","ADH124",1549641114000,true,true,false,0,"ok","STATIONARY","ADH124","eArts",78,"UNKNOW","false"
{"lat":"45.64551675894887","lng":"8.724741292395818"},"LIMC","2022-06-08 09:31:57.247","plane","EZY152X",1549641083000,true,true,false,0,"ok","STATIONARY","EZY152X","eArts",349,"UNKNOW","false"
{"lat":"45.621954133615844","lng":"8.71580164458004"},"LIMC","2022-06-08 09:31:57.247","plane","NAPOLI",1549641089000,true,true,false,0,"ok","STATIONARY","NAPOLI","eArts",529,"UNKNOW","false"
{"lat":"45.65010932415166","lng":"8.769248831054695"},"LIMC","2022-06-08 09:31:57.247","drone","fxOZQqBHKOtnQFskdkHw",1549641090000,false,false,false,3,"ok","none","Drone_01"," - Flutter App",0,"1FP8D5Gx2nCkwsXKiTPb","true"
{"lat":"45.65010932415166","lng":"8.769248831054695"},"LIMC","2022-06-08 09:31:57.247","drone","fxOZQqBHKOtnQFskdkHw",1549641091000,false,false,false,3,"ok","none","Drone_01"," - Flutter App",0,"1FP8D5Gx2nCkwsXKiTPb","true"
{"lat":"45.62417644286196","lng":"8.717764525109455"},"LIMC","2022-06-08 09:31:57.247","plane","AEA406",1549641092000,true,true,false,0,"ok","STATIONARY","AEA406","eArts",324,"UNKNOW","false"
{"lat":"45.61397832124927","lng":"8.775686132690437"},"LIMC","2022-06-08 09:31:57.247","drone","aM5zLwZDGDJciBNEtA17",1549641093000,false,false,false,3,"ok","none","Drone_03"," - Flutter App",0,"AOe1Xx3NxyiGci0wcwNf","true"
{"lat":"45.63600780059732","lng":"8.7640989897461"},"LIMC","2022-06-08 09:31:57.247","drone","O046ySYt3uAlSdLaaRM2",1549641093000,false,false,false,3,"ok","none","Drone_02"," - Flutter App",0,"zEctzVjoRiZ7T5aBTe6J","true"
{"lat":"45.64605738463119","lng":"8.725169731353391"},"LIMC","2022-06-08 09:31:57.247","plane","EZY363E",1549641096000,true,true,false,0,"ok","STATIONARY","EZY363E","eArts",259,"UNKNOW","false"
{"lat":"45.621954133615844","lng":"8.71580164458004"},"LIMC","2022-06-08 09:31:57.247","plane","NAPOLI",1549641099000,true,true,false,0,"ok","STATIONARY","NAPOLI","eArts",529,"UNKNOW","false"
{"lat":"45.62460250393698","lng":"8.719825728416836"},"LIMC","2022-06-08 09:31:57.247","plane","ADH124",1549641100000,true,true,false,0,"ok","STATIONARY","ADH124","eArts",78,"UNKNOW","false"
{"lat":"45.625973455795105","lng":"8.719449853566177"},"LIMC","2022-06-08 09:31:57.247","plane","ADH138",1549641101000,true,true,false,0,"ok","STATIONARY","ADH138","eArts",79,"UNKNOW","false"
{"lat":"45.621954133615844","lng":"8.71580164458004"},"LIMC","2022-06-08 09:31:57.247","plane","NAPOLI",1549641102000,true,true,false,0,"ok","STATIONARY","NAPOLI","eArts",529,"UNKNOW","false"
{"lat":"45.65010932415166","lng":"8.769248831054695"},"LIMC","2022-06-08 09:31:57.247","drone","fxOZQqBHKOtnQFskdkHw",1549641103000,false,false,false,3,"ok","none","Drone_01"," - Flutter App",0,"1FP8D5Gx2nCkwsXKiTPb","true"
{"lat":"45.62043065925101","lng":"8.720971821513615"},"LIMC","2022-06-08 09:31:57.247","plane","AUA516P",1549641106000,true,true,false,0,"ok","STATIONARY","AUA516P","eArts",80,"UNKNOW","false"
{"lat":"45.62460250393698","lng":"8.719825728416836"},"LIMC","2022-06-08 09:31:57.247","plane","ADH124",1549641107000,true,true,false,0,"ok","STATIONARY","ADH124","eArts",78,"UNKNOW","false"
{"lat":"45.63600780059732","lng":"8.7640989897461"},"LIMC","2022-06-08 09:31:57.247","drone","O046ySYt3uAlSdLaaRM2",1549641112000,false,false,false,3,"ok","none","Drone_02"," - Flutter App",0,"zEctzVjoRiZ7T5aBTe6J","true"
{"lat":"45.62043065925101","lng":"8.720971821513615"},"LIMC","2022-06-08 09:31:57.247","plane","AUA516P",1549641114000,true,true,false,0,"ok","STATIONARY","AUA516P","eArts",80,"UNKNOW","false"
{"lat":"45.625973455795105","lng":"8.719449853566177"},"LIMC","2022-06-08 09:31:57.247","plane","ADH138",1549641114000,true,true,false,0,"ok","STATIONARY","ADH138","eArts",79,"UNKNOW","false"
{"lat":"45.64551675894887","lng":"8.724741292395818"},"LIMC","2022-06-08 09:31:57.247","plane","EZY152X",1549641114000,true,true,false,0,"ok","STATIONARY","EZY152X","eArts",349,"UNKNOW","false"
{"lat":"45.62043065925101","lng":"8.720971821513615"},"LIMC","2022-06-08 09:31:57.247","plane","AUA516P",1549641081000,true,true,false,0,"ok","STATIONARY","AUA516P","eArts",80,"UNKNOW","false"
{"lat":"45.61397832124927","lng":"8.775686132690437"},"LIMC","2022-06-08 09:31:57.247","drone","aM5zLwZDGDJciBNEtA17",1549641081000,false,false,false,3,"ok","none","Drone_03"," - Flutter App",0,"AOe1Xx3NxyiGci0wcwNf","true"
{"lat":"45.64605738463119","lng":"8.725169731353391"},"LIMC","2022-06-08 09:31:57.247","plane","EZY363E",1549641083000,true,true,false,0,"ok","STATIONARY","EZY363E","eArts",259,"UNKNOW","false"
{"lat":"45.621954133615844","lng":"8.71580164458004"},"LIMC","2022-06-08 09:31:57.247","plane","NAPOLI",1549641085000,true,true,false,0,"ok","STATIONARY","NAPOLI","eArts",529,"UNKNOW","false"
{"lat":"45.61397832124927","lng":"8.775686132690437"},"LIMC","2022-06-08 09:31:57.247","drone","aM5zLwZDGDJciBNEtA17",1549641087000,false,false,false,3,"ok","none","Drone_03"," - Flutter App",0,"AOe1Xx3NxyiGci0wcwNf","true"
{"lat":"45.63600780059732","lng":"8.7640989897461"},"LIMC","2022-06-08 09:31:57.247","drone","O046ySYt3uAlSdLaaRM2",1549641088000,false,false,false,3,"ok","none","Drone_02"," - Flutter App",0,"zEctzVjoRiZ7T5aBTe6J","true"
{"lat":"45.61397832124927","lng":"8.775686132690437"},"LIMC","2022-06-08 09:31:57.247","drone","aM5zLwZDGDJciBNEtA17",1549641088000,false,false,false,3,"ok","none","Drone_03"," - Flutter App",0,"AOe1Xx3NxyiGci0wcwNf","true"
{"lat":"45.62460250393698","lng":"8.719825728416836"},"LIMC","2022-06-08 09:31:57.247","plane","ADH124",1549641089000,true,true,false,0,"ok","STATIONARY","ADH124","eArts",78,"UNKNOW","false"
{"lat":"45.64605738463119","lng":"8.725169731353391"},"LIMC","2022-06-08 09:31:57.247","plane","EZY363E",1549641091000,true,true,false,0,"ok","STATIONARY","EZY363E","eArts",259,"UNKNOW","false"
{"lat":"45.61397832124927","lng":"8.775686132690437"},"LIMC","2022-06-08 09:31:57.247","drone","aM5zLwZDGDJciBNEtA17",1549641092000,false,false,false,3,"ok","none","Drone_03"," - Flutter App",0,"AOe1Xx3NxyiGci0wcwNf","true"
{"lat":"45.625973455795105","lng":"8.719449853566177"},"LIMC","2022-06-08 09:31:57.247","plane","ADH138",1549641092000,true,true,false,0,"ok","STATIONARY","ADH138","eArts",79,"UNKNOW","false"
{"lat":"45.62417644286196","lng":"8.717764525109455"},"LIMC","2022-06-08 09:31:57.247","plane","AEA406",1549641096000,true,true,false,0,"ok","STATIONARY","AEA406","eArts",324,"UNKNOW","false"
{"lat":"45.625973455795105","lng":"8.719449853566177"},"LIMC","2022-06-08 09:31:57.247","plane","ADH138",1549641097000,true,true,false,0,"ok","STATIONARY","ADH138","eArts",79,"UNKNOW","false"
{"lat":"45.621954133615844","lng":"8.71580164458004"},"LIMC","2022-06-08 09:31:57.247","plane","NAPOLI",1549641097000,true,true,false,0,"ok","STATIONARY","NAPOLI","eArts",529,"UNKNOW","false"
{"lat":"45.63600780059732","lng":"8.7640989897461"},"LIMC","2022-06-08 09:31:57.247","drone","O046ySYt3uAlSdLaaRM2",1549641098000,false,false,false,3,"ok","none","Drone_02"," - Flutter App",0,"zEctzVjoRiZ7T5aBTe6J","true"
{"lat":"45.61397832124927","lng":"8.775686132690437"},"LIMC","2022-06-08 09:31:57.247","drone","aM5zLwZDGDJciBNEtA17",1549641099000,false,false,false,3,"ok","none","Drone_03"," - Flutter App",0,"AOe1Xx3NxyiGci0wcwNf","true"
{"lat":"45.625973455795105","lng":"8.719449853566177"},"LIMC","2022-06-08 09:31:57.247","plane","ADH138",1549641103000,true,true,false,0,"ok","STATIONARY","ADH138","eArts",79,"UNKNOW","false"
{"lat":"45.61397832124927","lng":"8.775686132690437"},"LIMC","2022-06-08 09:31:57.247","drone","aM5zLwZDGDJciBNEtA17",1549641104000,false,false,false,3,"ok","none","Drone_03"," - Flutter App",0,"AOe1Xx3NxyiGci0wcwNf","true"
{"lat":"45.65010932415166","lng":"8.769248831054695"},"LIMC","2022-06-08 09:31:57.247","drone","fxOZQqBHKOtnQFskdkHw",1549641104000,false,false,false,3,"ok","none","Drone_01"," - Flutter App",0,"1FP8D5Gx2nCkwsXKiTPb","true"
{"lat":"45.621954133615844","lng":"8.71580164458004"},"LIMC","2022-06-08 09:31:57.247","plane","NAPOLI",1549641105000,true,true,false,0,"ok","STATIONARY","NAPOLI","eArts",529,"UNKNOW","false"
{"lat":"45.64551675894887","lng":"8.724741292395818"},"LIMC","2022-06-08 09:31:57.247","plane","EZY152X",1549641105000,true,true,false,0,"ok","STATIONARY","EZY152X","eArts",349,"UNKNOW","false"
{"lat":"45.64551675894887","lng":"8.724741292395818"},"LIMC","2022-06-08 09:31:57.247","plane","EZY152X",1549641109000,true,true,false,0,"ok","STATIONARY","EZY152X","eArts",349,"UNKNOW","false"
{"lat":"45.62043065925101","lng":"8.720971821513615"},"LIMC","2022-06-08 09:31:57.247","plane","AUA516P",1549641110000,true,true,false,0,"ok","STATIONARY","AUA516P","eArts",80,"UNKNOW","false"
{"lat":"45.62460250393698","lng":"8.719825728416836"},"LIMC","2022-06-08 09:31:57.247","plane","ADH124",1549641110000,true,true,false,0,"ok","STATIONARY","ADH124","eArts",78,"UNKNOW","false"
{"lat":"45.64551675894887","lng":"8.724741292395818"},"LIMC","2022-06-08 09:31:57.247","plane","EZY152X",1549641111000,true,true,false,0,"ok","STATIONARY","EZY152X","eArts",349,"UNKNOW","false"
{"lat":"45.62460250393698","lng":"8.719825728416836"},"LIMC","2022-06-08 09:31:57.247","plane","ADH124",1549641112000,true,true,false,0,"ok","STATIONARY","ADH124","eArts",78,"UNKNOW","false"
{"lat":"45.625973455795105","lng":"8.719449853566177"},"LIMC","2022-06-08 09:31:57.247","plane","ADH138",1549641083000,true,true,false,0,"ok","STATIONARY","ADH138","eArts",79,"UNKNOW","false"
{"lat":"45.625973455795105","lng":"8.719449853566177"},"LIMC","2022-06-08 09:31:57.247","plane","ADH138",1549641085000,true,true,false,0,"ok","STATIONARY","ADH138","eArts",79,"UNKNOW","false"
{"lat":"45.62043065925101","lng":"8.720971821513615"},"LIMC","2022-06-08 09:31:57.247","plane","AUA516P",1549641087000,true,true,false,0,"ok","STATIONARY","AUA516P","eArts",80,"UNKNOW","false"
{"lat":"45.62460250393698","lng":"8.719825728416836"},"LIMC","2022-06-08 09:31:57.247","plane","ADH124",1549641088000,true,true,false,0,"ok","STATIONARY","ADH124","eArts",78,"UNKNOW","false"
{"lat":"45.64605738463119","lng":"8.725169731353391"},"LIMC","2022-06-08 09:31:57.247","plane","EZY363E",1549641089000,true,true,false,0,"ok","STATIONARY","EZY363E","eArts",259,"UNKNOW","false"
{"lat":"45.63600780059732","lng":"8.7640989897461"},"LIMC","2022-06-08 09:31:57.247","drone","O046ySYt3uAlSdLaaRM2",1549641090000,false,false,false,3,"ok","none","Drone_02"," - Flutter App",0,"zEctzVjoRiZ7T5aBTe6J","true"
{"lat":"45.621954133615844","lng":"8.71580164458004"},"LIMC","2022-06-08 09:31:57.247","plane","NAPOLI",1549641092000,true,true,false,0,"ok","STATIONARY","NAPOLI","eArts",529,"UNKNOW","false"
{"lat":"45.62460250393698","lng":"8.719825728416836"},"LIMC","2022-06-08 09:31:57.247","plane","ADH124",1549641093000,true,true,false,0,"ok","STATIONARY","ADH124","eArts",78,"UNKNOW","false"
{"lat":"45.62417644286196","lng":"8.717764525109455"},"LIMC","2022-06-08 09:31:57.247","plane","AEA406",1549641094000,true,true,false,0,"ok","STATIONARY","AEA406","eArts",324,"UNKNOW","false"
{"lat":"45.65010932415166","lng":"8.769248831054695"},"LIMC","2022-06-08 09:31:57.247","drone","fxOZQqBHKOtnQFskdkHw",1549641094000,false,false,false,3,"ok","none","Drone_01"," - Flutter App",0,"1FP8D5Gx2nCkwsXKiTPb","true"
{"lat":"45.61397832124927","lng":"8.775686132690437"},"LIMC","2022-06-08 09:31:57.247","drone","aM5zLwZDGDJciBNEtA17",1549641095000,false,false,false,3,"ok","none","Drone_03"," - Flutter App",0,"AOe1Xx3NxyiGci0wcwNf","true"
{"lat":"45.64551675894887","lng":"8.724741292395818"},"LIMC","2022-06-08 09:31:57.247","plane","EZY152X",1549641095000,true,true,false,0,"ok","STATIONARY","EZY152X","eArts",349,"UNKNOW","false"
{"lat":"45.62417644286196","lng":"8.717764525109455"},"LIMC","2022-06-08 09:31:57.247","plane","AEA406",1549641097000,true,true,false,0,"ok","STATIONARY","AEA406","eArts",324,"UNKNOW","false"
{"lat":"45.62460250393698","lng":"8.719825728416836"},"LIMC","2022-06-08 09:31:57.247","plane","ADH124",1549641098000,true,true,false,0,"ok","STATIONARY","ADH124","eArts",78,"UNKNOW","false"
{"lat":"45.625973455795105","lng":"8.719449853566177"},"LIMC","2022-06-08 09:31:57.247","plane","ADH138",1549641098000,true,true,false,0,"ok","STATIONARY","ADH138","eArts",79,"UNKNOW","false"
{"lat":"45.62460250393698","lng":"8.719825728416836"},"LIMC","2022-06-08 09:31:57.247","plane","ADH124",1549641099000,true,true,false,0,"ok","STATIONARY","ADH124","eArts",78,"UNKNOW","false"
{"lat":"45.64551675894887","lng":"8.724741292395818"},"LIMC","2022-06-08 09:31:57.247","plane","EZY152X",1549641100000,true,true,false,0,"ok","STATIONARY","EZY152X","eArts",349,"UNKNOW","false"
{"lat":"45.621954133615844","lng":"8.71580164458004"},"LIMC","2022-06-08 09:31:57.247","plane","NAPOLI",1549641101000,true,true,false,0,"ok","STATIONARY","NAPOLI","eArts",529,"UNKNOW","false"
{"lat":"45.64605738463119","lng":"8.725169731353391"},"LIMC","2022-06-08 09:31:57.247","plane","EZY363E",1549641103000,true,true,false,0,"ok","STATIONARY","EZY363E","eArts",259,"UNKNOW","false"
{"lat":"45.62043065925101","lng":"8.720971821513615"},"LIMC","2022-06-08 09:31:57.247","plane","AUA516P",1549641104000,true,true,false,0,"ok","STATIONARY","AUA516P","eArts",80,"UNKNOW","false"
{"lat":"45.64551675894887","lng":"8.724741292395818"},"LIMC","2022-06-08 09:31:57.247","plane","EZY152X",1549641104000,true,true,false,0,"ok","STATIONARY","EZY152X","eArts",349,"UNKNOW","false"
{"lat":"45.65010932415166","lng":"8.769248831054695"},"LIMC","2022-06-08 09:31:57.247","drone","fxOZQqBHKOtnQFskdkHw",1549641105000,false,false,false,3,"ok","none","Drone_01"," - Flutter App",0,"1FP8D5Gx2nCkwsXKiTPb","true"
{"lat":"45.65010932415166","lng":"8.769248831054695"},"LIMC","2022-06-08 09:31:57.247","drone","fxOZQqBHKOtnQFskdkHw",1549641107000,false,false,false,3,"ok","none","Drone_01"," - Flutter App",0,"1FP8D5Gx2nCkwsXKiTPb","true"
{"lat":"45.62417644286196","lng":"8.717764525109455"},"LIMC","2022-06-08 09:31:57.247","plane","AEA406",1549641109000,true,true,false,0,"ok","STATIONARY","AEA406","eArts",324,"UNKNOW","false"
{"lat":"45.621954133615844","lng":"8.71580164458004"},"LIMC","2022-06-08 09:31:57.247","plane","NAPOLI",1549641110000,true,true,false,0,"ok","STATIONARY","NAPOLI","eArts",529,"UNKNOW","false"
{"lat":"45.64605738463119","lng":"8.725169731353391"},"LIMC","2022-06-08 09:31:57.247","plane","EZY363E",1549641113000,true,true,false,0,"ok","STATIONARY","EZY363E","eArts",259,"UNKNOW","false"
{"lat":"45.62417644286196","lng":"8.717764525109455"},"LIMC","2022-06-08 09:31:57.247","plane","AEA406",1549641114000,true,true,false,0,"ok","STATIONARY","AEA406","eArts",324,"UNKNOW","false"
{"lat":"45.62417644286196","lng":"8.717764525109455"},"LIMC","2022-06-08 09:31:57.247","plane","AEA406",1549641084000,true,true,false,0,"ok","STATIONARY","AEA406","eArts",324,"UNKNOW","false"
{"lat":"45.64605738463119","lng":"8.725169731353391"},"LIMC","2022-06-08 09:31:57.247","plane","EZY363E",1549641084000,true,true,false,0,"ok","STATIONARY","EZY363E","eArts",259,"UNKNOW","false"
{"lat":"45.62417644286196","lng":"8.717764525109455"},"LIMC","2022-06-08 09:31:57.247","plane","AEA406",1549641087000,true,true,false,0,"ok","STATIONARY","AEA406","eArts",324,"UNKNOW","false"
{"lat":"45.625973455795105","lng":"8.719449853566177"},"LIMC","2022-06-08 09:31:57.247","plane","ADH138",1549641088000,true,true,false,0,"ok","STATIONARY","ADH138","eArts",79,"UNKNOW","false"
{"lat":"45.63600780059732","lng":"8.7640989897461"},"LIMC","2022-06-08 09:31:57.247","drone","O046ySYt3uAlSdLaaRM2",1549641089000,false,false,false,3,"ok","none","Drone_02"," - Flutter App",0,"zEctzVjoRiZ7T5aBTe6J","true"
{"lat":"45.62460250393698","lng":"8.719825728416836"},"LIMC","2022-06-08 09:31:57.247","plane","ADH124",1549641091000,true,true,false,0,"ok","STATIONARY","ADH124","eArts",78,"UNKNOW","false"
{"lat":"45.64551675894887","lng":"8.724741292395818"},"LIMC","2022-06-08 09:31:57.247","plane","EZY152X",1549641092000,true,true,false,0,"ok","STATIONARY","EZY152X","eArts",349,"UNKNOW","false"
{"lat":"45.64605738463119","lng":"8.725169731353391"},"LIMC","2022-06-08 09:31:57.247","plane","EZY363E",1549641094000,true,true,false,0,"ok","STATIONARY","EZY363E","eArts",259,"UNKNOW","false"
{"lat":"45.625973455795105","lng":"8.719449853566177"},"LIMC","2022-06-08 09:31:57.247","plane","ADH138",1549641096000,true,true,false,0,"ok","STATIONARY","ADH138","eArts",79,"UNKNOW","false"
{"lat":"45.62417644286196","lng":"8.717764525109455"},"LIMC","2022-06-08 09:31:57.247","plane","AEA406",1549641099000,true,true,false,0,"ok","STATIONARY","AEA406","eArts",324,"UNKNOW","false"
{"lat":"45.62417644286196","lng":"8.717764525109455"},"LIMC","2022-06-08 09:31:57.247","plane","AEA406",1549641100000,true,true,false,0,"ok","STATIONARY","AEA406","eArts",324,"UNKNOW","false"
{"lat":"45.63600780059732","lng":"8.7640989897461"},"LIMC","2022-06-08 09:31:57.247","drone","O046ySYt3uAlSdLaaRM2",1549641102000,false,false,false,3,"ok","none","Drone_02"," - Flutter App",0,"zEctzVjoRiZ7T5aBTe6J","true"
{"lat":"45.62417644286196","lng":"8.717764525109455"},"LIMC","2022-06-08 09:31:57.247","plane","AEA406",1549641105000,true,true,false,0,"ok","STATIONARY","AEA406","eArts",324,"UNKNOW","false"
{"lat":"45.62460250393698","lng":"8.719825728416836"},"LIMC","2022-06-08 09:31:57.247","plane","ADH124",1549641105000,true,true,false,0,"ok","STATIONARY","ADH124","eArts",78,"UNKNOW","false"
{"lat":"45.62460250393698","lng":"8.719825728416836"},"LIMC","2022-06-08 09:31:57.247","plane","ADH124",1549641106000,true,true,false,0,"ok","STATIONARY","ADH124","eArts",78,"UNKNOW","false"
{"lat":"45.63600780059732","lng":"8.7640989897461"},"LIMC","2022-06-08 09:31:57.247","drone","O046ySYt3uAlSdLaaRM2",1549641106000,false,false,false,3,"ok","none","Drone_02"," - Flutter App",0,"zEctzVjoRiZ7T5aBTe6J","true"
{"lat":"45.625973455795105","lng":"8.719449853566177"},"LIMC","2022-06-08 09:31:57.247","plane","ADH138",1549641108000,true,true,false,0,"ok","STATIONARY","ADH138","eArts",79,"UNKNOW","false"
{"lat":"45.61397832124927","lng":"8.775686132690437"},"LIMC","2022-06-08 09:31:57.247","drone","aM5zLwZDGDJciBNEtA17",1549641110000,false,false,false,3,"ok","none","Drone_03"," - Flutter App",0,"AOe1Xx3NxyiGci0wcwNf","true"
{"lat":"45.62043065925101","lng":"8.720971821513615"},"LIMC","2022-06-08 09:31:57.247","plane","AUA516P",1549641111000,true,true,false,0,"ok","STATIONARY","AUA516P","eArts",80,"UNKNOW","false"
{"lat":"45.62460250393698","lng":"8.719825728416836"},"LIMC","2022-06-08 09:31:57.247","plane","ADH124",1549641111000,true,true,false,0,"ok","STATIONARY","ADH124","eArts",78,"UNKNOW","false"
{"lat":"45.625973455795105","lng":"8.719449853566177"},"LIMC","2022-06-08 09:31:57.247","plane","ADH138",1549641113000,true,true,false,0,"ok","STATIONARY","ADH138","eArts",79,"UNKNOW","false"
{"lat":"45.64605738463119","lng":"8.725169731353391"},"LIMC","2022-06-08 09:31:57.247","plane","EZY363E",1549641114000,true,true,false,0,"ok","STATIONARY","EZY363E","eArts",259,"UNKNOW","false"
{"lat":"45.65010932415166","lng":"8.769248831054695"},"LIMC","2022-06-08 09:31:57.247","drone","fxOZQqBHKOtnQFskdkHw",1549641114000,false,false,false,3,"ok","none","Drone_01"," - Flutter App",0,"1FP8D5Gx2nCkwsXKiTPb","true"
{"lat":"45.63600780059732","lng":"8.7640989897461"},"LIMC","2022-06-08 09:31:57.247","drone","O046ySYt3uAlSdLaaRM2",1549641082000,false,false,false,3,"ok","none","Drone_02"," - Flutter App",0,"zEctzVjoRiZ7T5aBTe6J","true"
{"lat":"45.621954133615844","lng":"8.71580164458004"},"LIMC","2022-06-08 09:31:57.247","plane","NAPOLI",1549641084000,true,true,false,0,"ok","STATIONARY","NAPOLI","eArts",529,"UNKNOW","false"
{"lat":"45.64551675894887","lng":"8.724741292395818"},"LIMC","2022-06-08 09:31:57.247","plane","EZY152X",1549641086000,true,true,false,0,"ok","STATIONARY","EZY152X","eArts",349,"UNKNOW","false"
{"lat":"45.61397832124927","lng":"8.775686132690437"},"LIMC","2022-06-08 09:31:57.247","drone","aM5zLwZDGDJciBNEtA17",1549641086000,false,false,false,3,"ok","none","Drone_03"," - Flutter App",0,"AOe1Xx3NxyiGci0wcwNf","true"
{"lat":"45.64605738463119","lng":"8.725169731353391"},"LIMC","2022-06-08 09:31:57.247","plane","EZY363E",1549641088000,true,true,false,0,"ok","STATIONARY","EZY363E","eArts",259,"UNKNOW","false"
{"lat":"45.62043065925101","lng":"8.720971821513615"},"LIMC","2022-06-08 09:31:57.247","plane","AUA516P",1549641090000,true,true,false,0,"ok","STATIONARY","AUA516P","eArts",80,"UNKNOW","false"
{"lat":"45.625973455795105","lng":"8.719449853566177"},"LIMC","2022-06-08 09:31:57.247","plane","ADH138",1549641093000,true,true,false,0,"ok","STATIONARY","ADH138","eArts",79,"UNKNOW","false"
{"lat":"45.62460250393698","lng":"8.719825728416836"},"LIMC","2022-06-08 09:31:57.247","plane","ADH124",1549641096000,true,true,false,0,"ok","STATIONARY","ADH124","eArts",78,"UNKNOW","false"
{"lat":"45.64551675894887","lng":"8.724741292395818"},"LIMC","2022-06-08 09:31:57.247","plane","EZY152X",1549641096000,true,true,false,0,"ok","STATIONARY","EZY152X","eArts",349,"UNKNOW","false"
{"lat":"45.63600780059732","lng":"8.7640989897461"},"LIMC","2022-06-08 09:31:57.247","drone","O046ySYt3uAlSdLaaRM2",1549641097000,false,false,false,3,"ok","none","Drone_02"," - Flutter App",0,"zEctzVjoRiZ7T5aBTe6J","true"
{"lat":"45.61397832124927","lng":"8.775686132690437"},"LIMC","2022-06-08 09:31:57.247","drone","aM5zLwZDGDJciBNEtA17",1549641097000,false,false,false,3,"ok","none","Drone_03"," - Flutter App",0,"AOe1Xx3NxyiGci0wcwNf","true"
{"lat":"45.625973455795105","lng":"8.719449853566177"},"LIMC","2022-06-08 09:31:57.247","plane","ADH138",1549641099000,true,true,false,0,"ok","STATIONARY","ADH138","eArts",79,"UNKNOW","false"
{"lat":"45.64551675894887","lng":"8.724741292395818"},"LIMC","2022-06-08 09:31:57.247","plane","EZY152X",1549641101000,true,true,false,0,"ok","STATIONARY","EZY152X","eArts",349,"UNKNOW","false"
{"lat":"45.61397832124927","lng":"8.775686132690437"},"LIMC","2022-06-08 09:31:57.247","drone","aM5zLwZDGDJciBNEtA17",1549641107000,false,false,false,3,"ok","none","Drone_03"," - Flutter App",0,"AOe1Xx3NxyiGci0wcwNf","true"
{"lat":"45.625973455795105","lng":"8.719449853566177"},"LIMC","2022-06-08 09:31:57.247","plane","ADH138",1549641107000,true,true,false,0,"ok","STATIONARY","ADH138","eArts",79,"UNKNOW","false"
{"lat":"45.625973455795105","lng":"8.719449853566177"},"LIMC","2022-06-08 09:31:57.247","plane","ADH138",1549641111000,true,true,false,0,"ok","STATIONARY","ADH138","eArts",79,"UNKNOW","false"
{"lat":"45.621954133615844","lng":"8.71580164458004"},"LIMC","2022-06-08 09:31:57.247","plane","NAPOLI",1549641080000,true,true,false,0,"ok","STATIONARY","NAPOLI","eArts",529,"UNKNOW","false"
{"lat":"45.64551675894887","lng":"8.724741292395818"},"LIMC","2022-06-08 09:31:57.247","plane","EZY152X",1549641080000,true,true,false,0,"ok","STATIONARY","EZY152X","eArts",349,"UNKNOW","false"
{"lat":"45.63600780059732","lng":"8.7640989897461"},"LIMC","2022-06-08 09:31:57.247","drone","O046ySYt3uAlSdLaaRM2",1549641080000,false,false,false,3,"ok","none","Drone_02"," - Flutter App",0,"zEctzVjoRiZ7T5aBTe6J","true"
{"lat":"45.62417644286196","lng":"8.717764525109455"},"LIMC","2022-06-08 09:31:57.247","plane","AEA406",1549641080000,true,true,false,0,"ok","STATIONARY","AEA406","eArts",324,"UNKNOW","false"
{"lat":"45.62417644286196","lng":"8.717764525109455"},"LIMC","2022-06-08 09:31:57.247","plane","AEA406",1549641081000,true,true,false,0,"ok","STATIONARY","AEA406","eArts",324,"UNKNOW","false"
{"lat":"45.62460250393698","lng":"8.719825728416836"},"LIMC","2022-06-08 09:31:57.247","plane","ADH124",1549641081000,true,true,false,0,"ok","STATIONARY","ADH124","eArts",78,"UNKNOW","false"
{"lat":"45.63600780059732","lng":"8.7640989897461"},"LIMC","2022-06-08 09:31:57.247","drone","O046ySYt3uAlSdLaaRM2",1549641084000,false,false,false,3,"ok","none","Drone_02"," - Flutter App",0,"zEctzVjoRiZ7T5aBTe6J","true"
{"lat":"45.62460250393698","lng":"8.719825728416836"},"LIMC","2022-06-08 09:31:57.247","plane","ADH124",1549641086000,true,true,false,0,"ok","STATIONARY","ADH124","eArts",78,"UNKNOW","false"
{"lat":"45.61397832124927","lng":"8.775686132690437"},"LIMC","2022-06-08 09:31:57.247","drone","aM5zLwZDGDJciBNEtA17",1549641089000,false,false,false,3,"ok","none","Drone_03"," - Flutter App",0,"AOe1Xx3NxyiGci0wcwNf","true"
{"lat":"45.62417644286196","lng":"8.717764525109455"},"LIMC","2022-06-08 09:31:57.247","plane","AEA406",1549641090000,true,true,false,0,"ok","STATIONARY","AEA406","eArts",324,"UNKNOW","false"
{"lat":"45.64551675894887","lng":"8.724741292395818"},"LIMC","2022-06-08 09:31:57.247","plane","EZY152X",1549641091000,true,true,false,0,"ok","STATIONARY","EZY152X","eArts",349,"UNKNOW","false"
{"lat":"45.625973455795105","lng":"8.719449853566177"},"LIMC","2022-06-08 09:31:57.247","plane","ADH138",1549641094000,true,true,false,0,"ok","STATIONARY","ADH138","eArts",79,"UNKNOW","false"
{"lat":"45.621954133615844","lng":"8.71580164458004"},"LIMC","2022-06-08 09:31:57.247","plane","NAPOLI",1549641095000,true,true,false,0,"ok","STATIONARY","NAPOLI","eArts",529,"UNKNOW","false"
{"lat":"45.62043065925101","lng":"8.720971821513615"},"LIMC","2022-06-08 09:31:57.247","plane","AUA516P",1549641097000,true,true,false,0,"ok","STATIONARY","AUA516P","eArts",80,"UNKNOW","false"
{"lat":"45.621954133615844","lng":"8.71580164458004"},"LIMC","2022-06-08 09:31:57.247","plane","NAPOLI",1549641098000,true,true,false,0,"ok","STATIONARY","NAPOLI","eArts",529,"UNKNOW","false"
{"lat":"45.62460250393698","lng":"8.719825728416836"},"LIMC","2022-06-08 09:31:57.247","plane","ADH124",1549641103000,true,true,false,0,"ok","STATIONARY","ADH124","eArts",78,"UNKNOW","false"
{"lat":"45.62460250393698","lng":"8.719825728416836"},"LIMC","2022-06-08 09:31:57.247","plane","ADH124",1549641104000,true,true,false,0,"ok","STATIONARY","ADH124","eArts",78,"UNKNOW","false"
{"lat":"45.62417644286196","lng":"8.717764525109455"},"LIMC","2022-06-08 09:31:57.247","plane","AEA406",1549641107000,true,true,false,0,"ok","STATIONARY","AEA406","eArts",324,"UNKNOW","false"
{"lat":"45.65010932415166","lng":"8.769248831054695"},"LIMC","2022-06-08 09:31:57.247","drone","fxOZQqBHKOtnQFskdkHw",1549641112000,false,false,false,3,"ok","none","Drone_01"," - Flutter App",0,"1FP8D5Gx2nCkwsXKiTPb","true"
{"lat":"45.63600780059732","lng":"8.7640989897461"},"LIMC","2022-06-08 09:31:57.247","drone","O046ySYt3uAlSdLaaRM2",1549641113000,false,false,false,3,"ok","none","Drone_02"," - Flutter App",0,"zEctzVjoRiZ7T5aBTe6J","true"
{"lat":"45.625973455795105","lng":"8.719449853566177"},"LIMC","2022-06-08 09:31:57.247","plane","ADH138",1549641082000,true,true,false,0,"ok","STATIONARY","ADH138","eArts",79,"UNKNOW","false"
{"lat":"45.64551675894887","lng":"8.724741292395818"},"LIMC","2022-06-08 09:31:57.247","plane","EZY152X",1549641084000,true,true,false,0,"ok","STATIONARY","EZY152X","eArts",349,"UNKNOW","false"
{"lat":"45.62417644286196","lng":"8.717764525109455"},"LIMC","2022-06-08 09:31:57.247","plane","AEA406",1549641085000,true,true,false,0,"ok","STATIONARY","AEA406","eArts",324,"UNKNOW","false"
{"lat":"45.62417644286196","lng":"8.717764525109455"},"LIMC","2022-06-08 09:31:57.247","plane","AEA406",1549641086000,true,true,false,0,"ok","STATIONARY","AEA406","eArts",324,"UNKNOW","false"
{"lat":"45.63600780059732","lng":"8.7640989897461"},"LIMC","2022-06-08 09:31:57.247","drone","O046ySYt3uAlSdLaaRM2",1549641087000,false,false,false,3,"ok","none","Drone_02"," - Flutter App",0,"zEctzVjoRiZ7T5aBTe6J","true"
{"lat":"45.625973455795105","lng":"8.719449853566177"},"LIMC","2022-06-08 09:31:57.247","plane","ADH138",1549641087000,true,true,false,0,"ok","STATIONARY","ADH138","eArts",79,"UNKNOW","false"
{"lat":"45.64551675894887","lng":"8.724741292395818"},"LIMC","2022-06-08 09:31:57.247","plane","EZY152X",1549641087000,true,true,false,0,"ok","STATIONARY","EZY152X","eArts",349,"UNKNOW","false"
{"lat":"45.62043065925101","lng":"8.720971821513615"},"LIMC","2022-06-08 09:31:57.247","plane","AUA516P",1549641089000,true,true,false,0,"ok","STATIONARY","AUA516P","eArts",80,"UNKNOW","false"
{"lat":"45.621954133615844","lng":"8.71580164458004"},"LIMC","2022-06-08 09:31:57.247","plane","NAPOLI",1549641090000,true,true,false,0,"ok","STATIONARY","NAPOLI","eArts",529,"UNKNOW","false"
{"lat":"45.63600780059732","lng":"8.7640989897461"},"LIMC","2022-06-08 09:31:57.247","drone","O046ySYt3uAlSdLaaRM2",1549641091000,false,false,false,3,"ok","none","Drone_02"," - Flutter App",0,"zEctzVjoRiZ7T5aBTe6J","true"
{"lat":"45.62043065925101","lng":"8.720971821513615"},"LIMC","2022-06-08 09:31:57.247","plane","AUA516P",1549641093000,true,true,false,0,"ok","STATIONARY","AUA516P","eArts",80,"UNKNOW","false"
{"lat":"45.625973455795105","lng":"8.719449853566177"},"LIMC","2022-06-08 09:31:57.247","plane","ADH138",1549641095000,true,true,false,0,"ok","STATIONARY","ADH138","eArts",79,"UNKNOW","false"
{"lat":"45.63600780059732","lng":"8.7640989897461"},"LIMC","2022-06-08 09:31:57.247","drone","O046ySYt3uAlSdLaaRM2",1549641099000,false,false,false,3,"ok","none","Drone_02"," - Flutter App",0,"zEctzVjoRiZ7T5aBTe6J","true"
{"lat":"45.621954133615844","lng":"8.71580164458004"},"LIMC","2022-06-08 09:31:57.247","plane","NAPOLI",1549641100000,true,true,false,0,"ok","STATIONARY","NAPOLI","eArts",529,"UNKNOW","false"
{"lat":"45.64605738463119","lng":"8.725169731353391"},"LIMC","2022-06-08 09:31:57.247","plane","EZY363E",1549641100000,true,true,false,0,"ok","STATIONARY","EZY363E","eArts",259,"UNKNOW","false"
{"lat":"45.62417644286196","lng":"8.717764525109455"},"LIMC","2022-06-08 09:31:57.247","plane","AEA406",1549641102000,true,true,false,0,"ok","STATIONARY","AEA406","eArts",324,"UNKNOW","false"
{"lat":"45.61397832124927","lng":"8.775686132690437"},"LIMC","2022-06-08 09:31:57.247","drone","aM5zLwZDGDJciBNEtA17",1549641105000,false,false,false,3,"ok","none","Drone_03"," - Flutter App",0,"AOe1Xx3NxyiGci0wcwNf","true"
{"lat":"45.621954133615844","lng":"8.71580164458004"},"LIMC","2022-06-08 09:31:57.247","plane","NAPOLI",1549641107000,true,true,false,0,"ok","STATIONARY","NAPOLI","eArts",529,"UNKNOW","false"
{"lat":"45.621954133615844","lng":"8.71580164458004"},"LIMC","2022-06-08 09:31:57.247","plane","NAPOLI",1549641109000,true,true,false,0,"ok","STATIONARY","NAPOLI","eArts",529,"UNKNOW","false"
{"lat":"45.63600780059732","lng":"8.7640989897461"},"LIMC","2022-06-08 09:31:57.247","drone","O046ySYt3uAlSdLaaRM2",1549641110000,false,false,false,3,"ok","none","Drone_02"," - Flutter App",0,"zEctzVjoRiZ7T5aBTe6J","true"
{"lat":"45.621954133615844","lng":"8.71580164458004"},"LIMC","2022-06-08 09:31:57.247","plane","NAPOLI",1549641112000,true,true,false,0,"ok","STATIONARY","NAPOLI","eArts",529,"UNKNOW","false"
{"lat":"45.61397832124927","lng":"8.775686132690437"},"LIMC","2022-06-08 09:31:57.247","drone","aM5zLwZDGDJciBNEtA17",1549641114000,false,false,false,3,"ok","none","Drone_03"," - Flutter App",0,"AOe1Xx3NxyiGci0wcwNf","true"
{"lat":"45.625973455795105","lng":"8.719449853566177"},"LIMC","2022-06-08 09:31:57.247","plane","ADH138",1549641080000,true,true,false,0,"ok","STATIONARY","ADH138","eArts",79,"UNKNOW","false"
{"lat":"45.62460250393698","lng":"8.719825728416836"},"LIMC","2022-06-08 09:31:57.247","plane","ADH124",1549641085000,true,true,false,0,"ok","STATIONARY","ADH124","eArts",78,"UNKNOW","false"
{"lat":"45.65010932415166","lng":"8.769248831054695"},"LIMC","2022-06-08 09:31:57.247","drone","fxOZQqBHKOtnQFskdkHw",1549641087000,false,false,false,3,"ok","none","Drone_01"," - Flutter App",0,"1FP8D5Gx2nCkwsXKiTPb","true"
{"lat":"45.62460250393698","lng":"8.719825728416836"},"LIMC","2022-06-08 09:31:57.247","plane","ADH124",1549641087000,true,true,false,0,"ok","STATIONARY","ADH124","eArts",78,"UNKNOW","false"
{"lat":"45.621954133615844","lng":"8.71580164458004"},"LIMC","2022-06-08 09:31:57.247","plane","NAPOLI",1549641091000,true,true,false,0,"ok","STATIONARY","NAPOLI","eArts",529,"UNKNOW","false"
{"lat":"45.62417644286196","lng":"8.717764525109455"},"LIMC","2022-06-08 09:31:57.247","plane","AEA406",1549641093000,true,true,false,0,"ok","STATIONARY","AEA406","eArts",324,"UNKNOW","false"
{"lat":"45.64551675894887","lng":"8.724741292395818"},"LIMC","2022-06-08 09:31:57.247","plane","EZY152X",1549641093000,true,true,false,0,"ok","STATIONARY","EZY152X","eArts",349,"UNKNOW","false"
{"lat":"45.62460250393698","lng":"8.719825728416836"},"LIMC","2022-06-08 09:31:57.247","plane","ADH124",1549641094000,true,true,false,0,"ok","STATIONARY","ADH124","eArts",78,"UNKNOW","false"
{"lat":"45.62043065925101","lng":"8.720971821513615"},"LIMC","2022-06-08 09:31:57.247","plane","AUA516P",1549641095000,true,true,false,0,"ok","STATIONARY","AUA516P","eArts",80,"UNKNOW","false"
{"lat":"45.63600780059732","lng":"8.7640989897461"},"LIMC","2022-06-08 09:31:57.247","drone","O046ySYt3uAlSdLaaRM2",1549641096000,false,false,false,3,"ok","none","Drone_02"," - Flutter App",0,"zEctzVjoRiZ7T5aBTe6J","true"
{"lat":"45.64551675894887","lng":"8.724741292395818"},"LIMC","2022-06-08 09:31:57.247","plane","EZY152X",1549641097000,true,true,false,0,"ok","STATIONARY","EZY152X","eArts",349,"UNKNOW","false"
{"lat":"45.62043065925101","lng":"8.720971821513615"},"LIMC","2022-06-08 09:31:57.247","plane","AUA516P",1549641098000,true,true,false,0,"ok","STATIONARY","AUA516P","eArts",80,"UNKNOW","false"
{"lat":"45.61397832124927","lng":"8.775686132690437"},"LIMC","2022-06-08 09:31:57.247","drone","aM5zLwZDGDJciBNEtA17",1549641100000,false,false,false,3,"ok","none","Drone_03"," - Flutter App",0,"AOe1Xx3NxyiGci0wcwNf","true"
{"lat":"45.625973455795105","lng":"8.719449853566177"},"LIMC","2022-06-08 09:31:57.247","plane","ADH138",1549641106000,true,true,false,0,"ok","STATIONARY","ADH138","eArts",79,"UNKNOW","false"
{"lat":"45.62043065925101","lng":"8.720971821513615"},"LIMC","2022-06-08 09:31:57.247","plane","AUA516P",1549641109000,true,true,false,0,"ok","STATIONARY","AUA516P","eArts",80,"UNKNOW","false"
{"lat":"45.64605738463119","lng":"8.725169731353391"},"LIMC","2022-06-08 09:31:57.247","plane","EZY363E",1549641111000,true,true,false,0,"ok","STATIONARY","EZY363E","eArts",259,"UNKNOW","false"
{"lat":"45.65010932415166","lng":"8.769248831054695"},"LIMC","2022-06-08 09:31:57.247","drone","fxOZQqBHKOtnQFskdkHw",1549641111000,false,false,false,3,"ok","none","Drone_01"," - Flutter App",0,"1FP8D5Gx2nCkwsXKiTPb","true"
{"lat":"45.62460250393698","lng":"8.719825728416836"},"LIMC","2022-06-08 09:31:57.247","plane","ADH124",1549641082000,true,true,false,0,"ok","STATIONARY","ADH124","eArts",78,"UNKNOW","false"
{"lat":"45.62460250393698","lng":"8.719825728416836"},"LIMC","2022-06-08 09:31:57.247","plane","ADH124",1549641083000,true,true,false,0,"ok","STATIONARY","ADH124","eArts",78,"UNKNOW","false"
{"lat":"45.63600780059732","lng":"8.7640989897461"},"LIMC","2022-06-08 09:31:57.247","drone","O046ySYt3uAlSdLaaRM2",1549641086000,false,false,false,3,"ok","none","Drone_02"," - Flutter App",0,"zEctzVjoRiZ7T5aBTe6J","true"
{"lat":"45.65010932415166","lng":"8.769248831054695"},"LIMC","2022-06-08 09:31:57.247","drone","fxOZQqBHKOtnQFskdkHw",1549641086000,false,false,false,3,"ok","none","Drone_01"," - Flutter App",0,"1FP8D5Gx2nCkwsXKiTPb","true"
{"lat":"45.621954133615844","lng":"8.71580164458004"},"LIMC","2022-06-08 09:31:57.247","plane","NAPOLI",1549641087000,true,true,false,0,"ok","STATIONARY","NAPOLI","eArts",529,"UNKNOW","false"
{"lat":"45.64605738463119","lng":"8.725169731353391"},"LIMC","2022-06-08 09:31:57.247","plane","EZY363E",1549641087000,true,true,false,0,"ok","STATIONARY","EZY363E","eArts",259,"UNKNOW","false"
{"lat":"45.62417644286196","lng":"8.717764525109455"},"LIMC","2022-06-08 09:31:57.247","plane","AEA406",1549641088000,true,true,false,0,"ok","STATIONARY","AEA406","eArts",324,"UNKNOW","false"
{"lat":"45.61397832124927","lng":"8.775686132690437"},"LIMC","2022-06-08 09:31:57.247","drone","aM5zLwZDGDJciBNEtA17",1549641090000,false,false,false,3,"ok","none","Drone_03"," - Flutter App",0,"AOe1Xx3NxyiGci0wcwNf","true"
{"lat":"45.64605738463119","lng":"8.725169731353391"},"LIMC","2022-06-08 09:31:57.247","plane","EZY363E",1549641090000,true,true,false,0,"ok","STATIONARY","EZY363E","eArts",259,"UNKNOW","false"
{"lat":"45.61397832124927","lng":"8.775686132690437"},"LIMC","2022-06-08 09:31:57.247","drone","aM5zLwZDGDJciBNEtA17",1549641091000,false,false,false,3,"ok","none","Drone_03"," - Flutter App",0,"AOe1Xx3NxyiGci0wcwNf","true"
{"lat":"45.64605738463119","lng":"8.725169731353391"},"LIMC","2022-06-08 09:31:57.247","plane","EZY363E",1549641092000,true,true,false,0,"ok","STATIONARY","EZY363E","eArts",259,"UNKNOW","false"
{"lat":"45.62043065925101","lng":"8.720971821513615"},"LIMC","2022-06-08 09:31:57.247","plane","AUA516P",1549641099000,true,true,false,0,"ok","STATIONARY","AUA516P","eArts",80,"UNKNOW","false"
{"lat":"45.63600780059732","lng":"8.7640989897461"},"LIMC","2022-06-08 09:31:57.247","drone","O046ySYt3uAlSdLaaRM2",1549641100000,false,false,false,3,"ok","none","Drone_02"," - Flutter App",0,"zEctzVjoRiZ7T5aBTe6J","true"
{"lat":"45.63600780059732","lng":"8.7640989897461"},"LIMC","2022-06-08 09:31:57.247","drone","O046ySYt3uAlSdLaaRM2",1549641107000,false,false,false,3,"ok","none","Drone_02"," - Flutter App",0,"zEctzVjoRiZ7T5aBTe6J","true"
{"lat":"45.63600780059732","lng":"8.7640989897461"},"LIMC","2022-06-08 09:31:57.247","drone","O046ySYt3uAlSdLaaRM2",1549641108000,false,false,false,3,"ok","none","Drone_02"," - Flutter App",0,"zEctzVjoRiZ7T5aBTe6J","true"
{"lat":"45.63600780059732","lng":"8.7640989897461"},"LIMC","2022-06-08 09:31:57.247","drone","O046ySYt3uAlSdLaaRM2",1549641109000,false,false,false,3,"ok","none","Drone_02"," - Flutter App",0,"zEctzVjoRiZ7T5aBTe6J","true"
{"lat":"45.61397832124927","lng":"8.775686132690437"},"LIMC","2022-06-08 09:31:57.247","drone","aM5zLwZDGDJciBNEtA17",1549641109000,false,false,false,3,"ok","none","Drone_03"," - Flutter App",0,"AOe1Xx3NxyiGci0wcwNf","true"
{"lat":"45.65010932415166","lng":"8.769248831054695"},"LIMC","2022-06-08 09:31:57.247","drone","fxOZQqBHKOtnQFskdkHw",1549641110000,false,false,false,3,"ok","none","Drone_01"," - Flutter App",0,"1FP8D5Gx2nCkwsXKiTPb","true"
{"lat":"45.62460250393698","lng":"8.719825728416836"},"LIMC","2022-06-08 09:31:57.247","plane","ADH124",1549641080000,true,true,false,0,"ok","STATIONARY","ADH124","eArts",78,"UNKNOW","false"
{"lat":"45.64605738463119","lng":"8.725169731353391"},"LIMC","2022-06-08 09:31:57.247","plane","EZY363E",1549641080000,true,true,false,0,"ok","STATIONARY","EZY363E","eArts",259,"UNKNOW","false"
{"lat":"45.64605738463119","lng":"8.725169731353391"},"LIMC","2022-06-08 09:31:57.247","plane","EZY363E",1549641081000,true,true,false,0,"ok","STATIONARY","EZY363E","eArts",259,"UNKNOW","false"
{"lat":"45.61397832124927","lng":"8.775686132690437"},"LIMC","2022-06-08 09:31:57.247","drone","aM5zLwZDGDJciBNEtA17",1549641080000,false,false,false,3,"ok","none","Drone_03"," - Flutter App",0,"AOe1Xx3NxyiGci0wcwNf","true"
{"lat":"45.64605738463119","lng":"8.725169731353391"},"LIMC","2022-06-08 09:31:57.247","plane","EZY363E",1549641082000,true,true,false,0,"ok","STATIONARY","EZY363E","eArts",259,"UNKNOW","false"
{"lat":"45.62043065925101","lng":"8.720971821513615"},"LIMC","2022-06-08 09:31:57.247","plane","AUA516P",1549641085000,true,true,false,0,"ok","STATIONARY","AUA516P","eArts",80,"UNKNOW","false"
{"lat":"45.65010932415166","lng":"8.769248831054695"},"LIMC","2022-06-08 09:31:57.247","drone","fxOZQqBHKOtnQFskdkHw",1549641088000,false,false,false,3,"ok","none","Drone_01"," - Flutter App",0,"1FP8D5Gx2nCkwsXKiTPb","true"
{"lat":"45.62043065925101","lng":"8.720971821513615"},"LIMC","2022-06-08 09:31:57.247","plane","AUA516P",1549641091000,true,true,false,0,"ok","STATIONARY","AUA516P","eArts",80,"UNKNOW","false"
{"lat":"45.62460250393698","lng":"8.719825728416836"},"LIMC","2022-06-08 09:31:57.247","plane","ADH124",1549641092000,true,true,false,0,"ok","STATIONARY","ADH124","eArts",78,"UNKNOW","false"
{"lat":"45.64605738463119","lng":"8.725169731353391"},"LIMC","2022-06-08 09:31:57.247","plane","EZY363E",1549641093000,true,true,false,0,"ok","STATIONARY","EZY363E","eArts",259,"UNKNOW","false"
{"lat":"45.64551675894887","lng":"8.724741292395818"},"LIMC","2022-06-08 09:31:57.247","plane","EZY152X",1549641094000,true,true,false,0,"ok","STATIONARY","EZY152X","eArts",349,"UNKNOW","false"
{"lat":"45.61397832124927","lng":"8.775686132690437"},"LIMC","2022-06-08 09:31:57.247","drone","aM5zLwZDGDJciBNEtA17",1549641096000,false,false,false,3,"ok","none","Drone_03"," - Flutter App",0,"AOe1Xx3NxyiGci0wcwNf","true"
{"lat":"45.62417644286196","lng":"8.717764525109455"},"LIMC","2022-06-08 09:31:57.247","plane","AEA406",1549641101000,true,true,false,0,"ok","STATIONARY","AEA406","eArts",324,"UNKNOW","false"
{"lat":"45.65010932415166","lng":"8.769248831054695"},"LIMC","2022-06-08 09:31:57.247","drone","fxOZQqBHKOtnQFskdkHw",1549641101000,false,false,false,3,"ok","none","Drone_01"," - Flutter App",0,"1FP8D5Gx2nCkwsXKiTPb","true"
{"lat":"45.61397832124927","lng":"8.775686132690437"},"LIMC","2022-06-08 09:31:57.247","drone","aM5zLwZDGDJciBNEtA17",1549641102000,false,false,false,3,"ok","none","Drone_03"," - Flutter App",0,"AOe1Xx3NxyiGci0wcwNf","true"
{"lat":"45.62043065925101","lng":"8.720971821513615"},"LIMC","2022-06-08 09:31:57.247","plane","AUA516P",1549641103000,true,true,false,0,"ok","STATIONARY","AUA516P","eArts",80,"UNKNOW","false"
{"lat":"45.65010932415166","lng":"8.769248831054695"},"LIMC","2022-06-08 09:31:57.247","drone","fxOZQqBHKOtnQFskdkHw",1549641106000,false,false,false,3,"ok","none","Drone_01"," - Flutter App",0,"1FP8D5Gx2nCkwsXKiTPb","true"
{"lat":"45.64605738463119","lng":"8.725169731353391"},"LIMC","2022-06-08 09:31:57.247","plane","EZY363E",1549641106000,true,true,false,0,"ok","STATIONARY","EZY363E","eArts",259,"UNKNOW","false"
{"lat":"45.625973455795105","lng":"8.719449853566177"},"LIMC","2022-06-08 09:31:57.247","plane","ADH138",1549641109000,true,true,false,0,"ok","STATIONARY","ADH138","eArts",79,"UNKNOW","false"
{"lat":"45.64605738463119","lng":"8.725169731353391"},"LIMC","2022-06-08 09:31:57.247","plane","EZY363E",1549641109000,true,true,false,0,"ok","STATIONARY","EZY363E","eArts",259,"UNKNOW","false"
{"lat":"45.621954133615844","lng":"8.71580164458004"},"LIMC","2022-06-08 09:31:57.247","plane","NAPOLI",1549641111000,true,true,false,0,"ok","STATIONARY","NAPOLI","eArts",529,"UNKNOW","false"
{"lat":"45.61397832124927","lng":"8.775686132690437"},"LIMC","2022-06-08 09:31:57.247","drone","aM5zLwZDGDJciBNEtA17",1549641112000,false,false,false,3,"ok","none","Drone_03"," - Flutter App",0,"AOe1Xx3NxyiGci0wcwNf","true"
{"lat":"45.63600780059732","lng":"8.7640989897461"},"LIMC","2022-06-08 09:31:57.247","drone","O046ySYt3uAlSdLaaRM2",1549641114000,false,false,false,3,"ok","none","Drone_02"," - Flutter App",0,"zEctzVjoRiZ7T5aBTe6J","true"
{"lat":"45.65010932415166","lng":"8.769248831054695"},"LIMC","2022-06-08 09:31:57.247","drone","fxOZQqBHKOtnQFskdkHw",1549641081000,false,false,false,3,"ok","none","Drone_01"," - Flutter App",0,"1FP8D5Gx2nCkwsXKiTPb","true"
{"lat":"45.64551675894887","lng":"8.724741292395818"},"LIMC","2022-06-08 09:31:57.247","plane","EZY152X",1549641082000,true,true,false,0,"ok","STATIONARY","EZY152X","eArts",349,"UNKNOW","false"
{"lat":"45.621954133615844","lng":"8.71580164458004"},"LIMC","2022-06-08 09:31:57.247","plane","NAPOLI",1549641083000,true,true,false,0,"ok","STATIONARY","NAPOLI","eArts",529,"UNKNOW","false"
{"lat":"45.61397832124927","lng":"8.775686132690437"},"LIMC","2022-06-08 09:31:57.247","drone","aM5zLwZDGDJciBNEtA17",1549641083000,false,false,false,3,"ok","none","Drone_03"," - Flutter App",0,"AOe1Xx3NxyiGci0wcwNf","true"
{"lat":"45.62460250393698","lng":"8.719825728416836"},"LIMC","2022-06-08 09:31:57.247","plane","ADH124",1549641084000,true,true,false,0,"ok","STATIONARY","ADH124","eArts",78,"UNKNOW","false"
{"lat":"45.64551675894887","lng":"8.724741292395818"},"LIMC","2022-06-08 09:31:57.247","plane","EZY152X",1549641085000,true,true,false,0,"ok","STATIONARY","EZY152X","eArts",349,"UNKNOW","false"
{"lat":"45.625973455795105","lng":"8.719449853566177"},"LIMC","2022-06-08 09:31:57.247","plane","ADH138",1549641089000,true,true,false,0,"ok","STATIONARY","ADH138","eArts",79,"UNKNOW","false"
{"lat":"45.62043065925101","lng":"8.720971821513615"},"LIMC","2022-06-08 09:31:57.247","plane","AUA516P",1549641092000,true,true,false,0,"ok","STATIONARY","AUA516P","eArts",80,"UNKNOW","false"
{"lat":"45.64605738463119","lng":"8.725169731353391"},"LIMC","2022-06-08 09:31:57.247","plane","EZY363E",1549641097000,true,true,false,0,"ok","STATIONARY","EZY363E","eArts",259,"UNKNOW","false"
{"lat":"45.65010932415166","lng":"8.769248831054695"},"LIMC","2022-06-08 09:31:57.247","drone","fxOZQqBHKOtnQFskdkHw",1549641098000,false,false,false,3,"ok","none","Drone_01"," - Flutter App",0,"1FP8D5Gx2nCkwsXKiTPb","true"
{"lat":"45.65010932415166","lng":"8.769248831054695"},"LIMC","2022-06-08 09:31:57.247","drone","fxOZQqBHKOtnQFskdkHw",1549641099000,false,false,false,3,"ok","none","Drone_01"," - Flutter App",0,"1FP8D5Gx2nCkwsXKiTPb","true"
{"lat":"45.62460250393698","lng":"8.719825728416836"},"LIMC","2022-06-08 09:31:57.247","plane","ADH124",1549641101000,true,true,false,0,"ok","STATIONARY","ADH124","eArts",78,"UNKNOW","false"
{"lat":"45.65010932415166","lng":"8.769248831054695"},"LIMC","2022-06-08 09:31:57.247","drone","fxOZQqBHKOtnQFskdkHw",1549641102000,false,false,false,3,"ok","none","Drone_01"," - Flutter App",0,"1FP8D5Gx2nCkwsXKiTPb","true"
{"lat":"45.64551675894887","lng":"8.724741292395818"},"LIMC","2022-06-08 09:31:57.247","plane","EZY152X",1549641102000,true,true,false,0,"ok","STATIONARY","EZY152X","eArts",349,"UNKNOW","false"
{"lat":"45.62417644286196","lng":"8.717764525109455"},"LIMC","2022-06-08 09:31:57.247","plane","AEA406",1549641104000,true,true,false,0,"ok","STATIONARY","AEA406","eArts",324,"UNKNOW","false"
{"lat":"45.62043065925101","lng":"8.720971821513615"},"LIMC","2022-06-08 09:31:57.247","plane","AUA516P",1549641105000,true,true,false,0,"ok","STATIONARY","AUA516P","eArts",80,"UNKNOW","false"
{"lat":"45.65010932415166","lng":"8.769248831054695"},"LIMC","2022-06-08 09:31:57.247","drone","fxOZQqBHKOtnQFskdkHw",1549641108000,false,false,false,3,"ok","none","Drone_01"," - Flutter App",0,"1FP8D5Gx2nCkwsXKiTPb","true"
{"lat":"45.64551675894887","lng":"8.724741292395818"},"LIMC","2022-06-08 09:31:57.247","plane","EZY152X",1549641112000,true,true,false,0,"ok","STATIONARY","EZY152X","eArts",349,"UNKNOW","false"
{"lat":"45.62417644286196","lng":"8.717764525109455"},"LIMC","2022-06-08 09:31:57.247","plane","AEA406",1549641112000,true,true,false,0,"ok","STATIONARY","AEA406","eArts",324,"UNKNOW","false"
{"lat":"45.62043065925101","lng":"8.720971821513615"},"LIMC","2022-06-08 09:31:57.247","plane","AUA516P",1549641112000,true,true,false,0,"ok","STATIONARY","AUA516P","eArts",80,"UNKNOW","false"
{"lat":"45.64551675894887","lng":"8.724741292395818"},"LIMC","2022-06-08 09:31:57.247","plane","EZY152X",1549641113000,true,true,false,0,"ok","STATIONARY","EZY152X","eArts",349,"UNKNOW","false"
{"lat":"45.62460250393698","lng":"8.719825728416836"},"LIMC","2022-06-08 09:31:57.247","plane","ADH124",1549641113000,true,true,false,0,"ok","STATIONARY","ADH124","eArts",78,"UNKNOW","false"
{"lat":"45.61397832124927","lng":"8.775686132690437"},"LIMC","2022-06-08 09:31:57.247","drone","aM5zLwZDGDJciBNEtA17",1549641082000,false,false,false,3,"ok","none","Drone_03"," - Flutter App",0,"AOe1Xx3NxyiGci0wcwNf","true"
{"lat":"45.64605738463119","lng":"8.725169731353391"},"LIMC","2022-06-08 09:31:57.247","plane","EZY363E",1549641085000,true,true,false,0,"ok","STATIONARY","EZY363E","eArts",259,"UNKNOW","false"
{"lat":"45.62043065925101","lng":"8.720971821513615"},"LIMC","2022-06-08 09:31:57.247","plane","AUA516P",1549641088000,true,true,false,0,"ok","STATIONARY","AUA516P","eArts",80,"UNKNOW","false"
{"lat":"45.64551675894887","lng":"8.724741292395818"},"LIMC","2022-06-08 09:31:57.247","plane","EZY152X",1549641089000,true,true,false,0,"ok","STATIONARY","EZY152X","eArts",349,"UNKNOW","false"
{"lat":"45.65010932415166","lng":"8.769248831054695"},"LIMC","2022-06-08 09:31:57.247","drone","fxOZQqBHKOtnQFskdkHw",1549641089000,false,false,false,3,"ok","none","Drone_01"," - Flutter App",0,"1FP8D5Gx2nCkwsXKiTPb","true"
{"lat":"45.621954133615844","lng":"8.71580164458004"},"LIMC","2022-06-08 09:31:57.247","plane","NAPOLI",1549641093000,true,true,false,0,"ok","STATIONARY","NAPOLI","eArts",529,"UNKNOW","false"
{"lat":"45.64605738463119","lng":"8.725169731353391"},"LIMC","2022-06-08 09:31:57.247","plane","EZY363E",1549641098000,true,true,false,0,"ok","STATIONARY","EZY363E","eArts",259,"UNKNOW","false"
{"lat":"45.64605738463119","lng":"8.725169731353391"},"LIMC","2022-06-08 09:31:57.247","plane","EZY363E",1549641099000,true,true,false,0,"ok","STATIONARY","EZY363E","eArts",259,"UNKNOW","false"
{"lat":"45.62043065925101","lng":"8.720971821513615"},"LIMC","2022-06-08 09:31:57.247","plane","AUA516P",1549641102000,true,true,false,0,"ok","STATIONARY","AUA516P","eArts",80,"UNKNOW","false"
{"lat":"45.64605738463119","lng":"8.725169731353391"},"LIMC","2022-06-08 09:31:57.247","plane","EZY363E",1549641102000,true,true,false,0,"ok","STATIONARY","EZY363E","eArts",259,"UNKNOW","false"
{"lat":"45.63600780059732","lng":"8.7640989897461"},"LIMC","2022-06-08 09:31:57.247","drone","O046ySYt3uAlSdLaaRM2",1549641104000,false,false,false,3,"ok","none","Drone_02"," - Flutter App",0,"zEctzVjoRiZ7T5aBTe6J","true"
{"lat":"45.64605738463119","lng":"8.725169731353391"},"LIMC","2022-06-08 09:31:57.247","plane","EZY363E",1549641107000,true,true,false,0,"ok","STATIONARY","EZY363E","eArts",259,"UNKNOW","false"
{"lat":"45.62417644286196","lng":"8.717764525109455"},"LIMC","2022-06-08 09:31:57.247","plane","AEA406",1549641108000,true,true,false,0,"ok","STATIONARY","AEA406","eArts",324,"UNKNOW","false"
{"lat":"45.621954133615844","lng":"8.71580164458004"},"LIMC","2022-06-08 09:31:57.247","plane","NAPOLI",1549641108000,true,true,false,0,"ok","STATIONARY","NAPOLI","eArts",529,"UNKNOW","false"
{"lat":"45.62417644286196","lng":"8.717764525109455"},"LIMC","2022-06-08 09:31:57.247","plane","AEA406",1549641111000,true,true,false,0,"ok","STATIONARY","AEA406","eArts",324,"UNKNOW","false"
{"lat":"45.65010932415166","lng":"8.769248831054695"},"LIMC","2022-06-08 09:31:57.247","drone","fxOZQqBHKOtnQFskdkHw",1549641082000,false,false,false,3,"ok","none","Drone_01"," - Flutter App",0,"1FP8D5Gx2nCkwsXKiTPb","true"
{"lat":"45.61397832124927","lng":"8.775686132690437"},"LIMC","2022-06-08 09:31:57.247","drone","aM5zLwZDGDJciBNEtA17",1549641084000,false,false,false,3,"ok","none","Drone_03"," - Flutter App",0,"AOe1Xx3NxyiGci0wcwNf","true"
{"lat":"45.64551675894887","lng":"8.724741292395818"},"LIMC","2022-06-08 09:31:57.247","plane","EZY152X",1549641090000,true,true,false,0,"ok","STATIONARY","EZY152X","eArts",349,"UNKNOW","false"
{"lat":"45.65010932415166","lng":"8.769248831054695"},"LIMC","2022-06-08 09:31:57.247","drone","fxOZQqBHKOtnQFskdkHw",1549641093000,false,false,false,3,"ok","none","Drone_01"," - Flutter App",0,"1FP8D5Gx2nCkwsXKiTPb","true"
{"lat":"45.62043065925101","lng":"8.720971821513615"},"LIMC","2022-06-08 09:31:57.247","plane","AUA516P",1549641094000,true,true,false,0,"ok","STATIONARY","AUA516P","eArts",80,"UNKNOW","false"
{"lat":"45.61397832124927","lng":"8.775686132690437"},"LIMC","2022-06-08 09:31:57.247","drone","aM5zLwZDGDJciBNEtA17",1549641094000,false,false,false,3,"ok","none","Drone_03"," - Flutter App",0,"AOe1Xx3NxyiGci0wcwNf","true"
{"lat":"45.62043065925101","lng":"8.720971821513615"},"LIMC","2022-06-08 09:31:57.247","plane","AUA516P",1549641096000,true,true,false,0,"ok","STATIONARY","AUA516P","eArts",80,"UNKNOW","false"
{"lat":"45.65010932415166","lng":"8.769248831054695"},"LIMC","2022-06-08 09:31:57.247","drone","fxOZQqBHKOtnQFskdkHw",1549641096000,false,false,false,3,"ok","none","Drone_01"," - Flutter App",0,"1FP8D5Gx2nCkwsXKiTPb","true"
{"lat":"45.61397832124927","lng":"8.775686132690437"},"LIMC","2022-06-08 09:31:57.247","drone","aM5zLwZDGDJciBNEtA17",1549641098000,false,false,false,3,"ok","none","Drone_03"," - Flutter App",0,"AOe1Xx3NxyiGci0wcwNf","true"
{"lat":"45.65010932415166","lng":"8.769248831054695"},"LIMC","2022-06-08 09:31:57.247","drone","fxOZQqBHKOtnQFskdkHw",1549641100000,false,false,false,3,"ok","none","Drone_01"," - Flutter App",0,"1FP8D5Gx2nCkwsXKiTPb","true"
{"lat":"45.64605738463119","lng":"8.725169731353391"},"LIMC","2022-06-08 09:31:57.247","plane","EZY363E",1549641101000,true,true,false,0,"ok","STATIONARY","EZY363E","eArts",259,"UNKNOW","false"
{"lat":"45.62460250393698","lng":"8.719825728416836"},"LIMC","2022-06-08 09:31:57.247","plane","ADH124",1549641102000,true,true,false,0,"ok","STATIONARY","ADH124","eArts",78,"UNKNOW","false"
{"lat":"45.62417644286196","lng":"8.717764525109455"},"LIMC","2022-06-08 09:31:57.247","plane","AEA406",1549641103000,true,true,false,0,"ok","STATIONARY","AEA406","eArts",324,"UNKNOW","false"
{"lat":"45.625973455795105","lng":"8.719449853566177"},"LIMC","2022-06-08 09:31:57.247","plane","ADH138",1549641104000,true,true,false,0,"ok","STATIONARY","ADH138","eArts",79,"UNKNOW","false"
{"lat":"45.64605738463119","lng":"8.725169731353391"},"LIMC","2022-06-08 09:31:57.247","plane","EZY363E",1549641108000,true,true,false,0,"ok","STATIONARY","EZY363E","eArts",259,"UNKNOW","false"
{"lat":"45.64551675894887","lng":"8.724741292395818"},"LIMC","2022-06-08 09:31:57.247","plane","EZY152X",1549641110000,true,true,false,0,"ok","STATIONARY","EZY152X","eArts",349,"UNKNOW","false"
{"lat":"45.64605738463119","lng":"8.725169731353391"},"LIMC","2022-06-08 09:31:57.247","plane","EZY363E",1549641110000,true,true,false,0,"ok","STATIONARY","EZY363E","eArts",259,"UNKNOW","false"
{"lat":"45.625973455795105","lng":"8.719449853566177"},"LIMC","2022-06-08 09:31:57.247","plane","ADH138",1549641110000,true,true,false,0,"ok","STATIONARY","ADH138","eArts",79,"UNKNOW","false"
{"lat":"45.61397832124927","lng":"8.775686132690437"},"LIMC","2022-06-08 09:31:57.247","drone","aM5zLwZDGDJciBNEtA17",1549641111000,false,false,false,3,"ok","none","Drone_03"," - Flutter App",0,"AOe1Xx3NxyiGci0wcwNf","true"
{"lat":"45.625973455795105","lng":"8.719449853566177"},"LIMC","2022-06-08 09:31:57.247","plane","ADH138",1549641112000,true,true,false,0,"ok","STATIONARY","ADH138","eArts",79,"UNKNOW","false"
{"lat":"45.621954133615844","lng":"8.71580164458004"},"LIMC","2022-06-08 09:31:57.247","plane","NAPOLI",1549641113000,true,true,false,0,"ok","STATIONARY","NAPOLI","eArts",529,"UNKNOW","false"
{"lat":"45.65010932415166","lng":"8.769248831054695"},"LIMC","2022-06-08 09:31:57.247","drone","fxOZQqBHKOtnQFskdkHw",1549641080000,false,false,false,3,"ok","none","Drone_01"," - Flutter App",0,"1FP8D5Gx2nCkwsXKiTPb","true"
{"lat":"45.62417644286196","lng":"8.717764525109455"},"LIMC","2022-06-08 09:31:57.247","plane","AEA406",1549641083000,true,true,false,0,"ok","STATIONARY","AEA406","eArts",324,"UNKNOW","false"
{"lat":"45.65010932415166","lng":"8.769248831054695"},"LIMC","2022-06-08 09:31:57.247","drone","fxOZQqBHKOtnQFskdkHw",1549641084000,false,false,false,3,"ok","none","Drone_01"," - Flutter App",0,"1FP8D5Gx2nCkwsXKiTPb","true"
{"lat":"45.625973455795105","lng":"8.719449853566177"},"LIMC","2022-06-08 09:31:57.247","plane","ADH138",1549641084000,true,true,false,0,"ok","STATIONARY","ADH138","eArts",79,"UNKNOW","false"
{"lat":"45.621954133615844","lng":"8.71580164458004"},"LIMC","2022-06-08 09:31:57.247","plane","NAPOLI",1549641086000,true,true,false,0,"ok","STATIONARY","NAPOLI","eArts",529,"UNKNOW","false"
{"lat":"45.64551675894887","lng":"8.724741292395818"},"LIMC","2022-06-08 09:31:57.247","plane","EZY152X",1549641088000,true,true,false,0,"ok","STATIONARY","EZY152X","eArts",349,"UNKNOW","false"
{"lat":"45.621954133615844","lng":"8.71580164458004"},"LIMC","2022-06-08 09:31:57.247","plane","NAPOLI",1549641088000,true,true,false,0,"ok","STATIONARY","NAPOLI","eArts",529,"UNKNOW","false"
{"lat":"45.62417644286196","lng":"8.717764525109455"},"LIMC","2022-06-08 09:31:57.247","plane","AEA406",1549641091000,true,true,false,0,"ok","STATIONARY","AEA406","eArts",324,"UNKNOW","false"
{"lat":"45.63600780059732","lng":"8.7640989897461"},"LIMC","2022-06-08 09:31:57.247","drone","O046ySYt3uAlSdLaaRM2",1549641092000,false,false,false,3,"ok","none","Drone_02"," - Flutter App",0,"zEctzVjoRiZ7T5aBTe6J","true"
{"lat":"45.63600780059732","lng":"8.7640989897461"},"LIMC","2022-06-08 09:31:57.247","drone","O046ySYt3uAlSdLaaRM2",1549641094000,false,false,false,3,"ok","none","Drone_02"," - Flutter App",0,"zEctzVjoRiZ7T5aBTe6J","true"
{"lat":"45.63600780059732","lng":"8.7640989897461"},"LIMC","2022-06-08 09:31:57.247","drone","O046ySYt3uAlSdLaaRM2",1549641095000,false,false,false,3,"ok","none","Drone_02"," - Flutter App",0,"zEctzVjoRiZ7T5aBTe6J","true"
{"lat":"45.62460250393698","lng":"8.719825728416836"},"LIMC","2022-06-08 09:31:57.247","plane","ADH124",1549641095000,true,true,false,0,"ok","STATIONARY","ADH124","eArts",78,"UNKNOW","false"
{"lat":"45.65010932415166","lng":"8.769248831054695"},"LIMC","2022-06-08 09:31:57.247","drone","fxOZQqBHKOtnQFskdkHw",1549641095000,false,false,false,3,"ok","none","Drone_01"," - Flutter App",0,"1FP8D5Gx2nCkwsXKiTPb","true"
{"lat":"45.65010932415166","lng":"8.769248831054695"},"LIMC","2022-06-08 09:31:57.247","drone","fxOZQqBHKOtnQFskdkHw",1549641097000,false,false,false,3,"ok","none","Drone_01"," - Flutter App",0,"1FP8D5Gx2nCkwsXKiTPb","true"
{"lat":"45.62043065925101","lng":"8.720971821513615"},"LIMC","2022-06-08 09:31:57.247","plane","AUA516P",1549641100000,true,true,false,0,"ok","STATIONARY","AUA516P","eArts",80,"UNKNOW","false"
{"lat":"45.61397832124927","lng":"8.775686132690437"},"LIMC","2022-06-08 09:31:57.247","drone","aM5zLwZDGDJciBNEtA17",1549641103000,false,false,false,3,"ok","none","Drone_03"," - Flutter App",0,"AOe1Xx3NxyiGci0wcwNf","true"
{"lat":"45.64605738463119","lng":"8.725169731353391"},"LIMC","2022-06-08 09:31:57.247","plane","EZY363E",1549641105000,true,true,false,0,"ok","STATIONARY","EZY363E","eArts",259,"UNKNOW","false"
{"lat":"45.62417644286196","lng":"8.717764525109455"},"LIMC","2022-06-08 09:31:57.247","plane","AEA406",1549641106000,true,true,false,0,"ok","STATIONARY","AEA406","eArts",324,"UNKNOW","false"
{"lat":"45.621954133615844","lng":"8.71580164458004"},"LIMC","2022-06-08 09:31:57.247","plane","NAPOLI",1549641106000,true,true,false,0,"ok","STATIONARY","NAPOLI","eArts",529,"UNKNOW","false"
{"lat":"45.62043065925101","lng":"8.720971821513615"},"LIMC","2022-06-08 09:31:57.247","plane","AUA516P",1549641107000,true,true,false,0,"ok","STATIONARY","AUA516P","eArts",80,"UNKNOW","false"
{"lat":"45.62460250393698","lng":"8.719825728416836"},"LIMC","2022-06-08 09:31:57.247","plane","ADH124",1549641108000,true,true,false,0,"ok","STATIONARY","ADH124","eArts",78,"UNKNOW","false"
{"lat":"45.62043065925101","lng":"8.720971821513615"},"LIMC","2022-06-08 09:31:57.247","plane","AUA516P",1549641108000,true,true,false,0,"ok","STATIONARY","AUA516P","eArts",80,"UNKNOW","false"
{"lat":"45.64551675894887","lng":"8.724741292395818"},"LIMC","2022-06-08 09:31:57.247","plane","EZY152X",1549641108000,true,true,false,0,"ok","STATIONARY","EZY152X","eArts",349,"UNKNOW","false"
{"lat":"45.61397832124927","lng":"8.775686132690437"},"LIMC","2022-06-08 09:31:57.247","drone","aM5zLwZDGDJciBNEtA17",1549641108000,false,false,false,3,"ok","none","Drone_03"," - Flutter App",0,"AOe1Xx3NxyiGci0wcwNf","true"
{"lat":"45.65010932415166","lng":"8.769248831054695"},"LIMC","2022-06-08 09:31:57.247","drone","fxOZQqBHKOtnQFskdkHw",1549641109000,false,false,false,3,"ok","none","Drone_01"," - Flutter App",0,"1FP8D5Gx2nCkwsXKiTPb","true"
{"lat":"45.62417644286196","lng":"8.717764525109455"},"LIMC","2022-06-08 09:31:57.247","plane","AEA406",1549641113000,true,true,false,0,"ok","STATIONARY","AEA406","eArts",324,"UNKNOW","false"
{"lat":"45.621954133615844","lng":"8.71580164458004"},"LIMC","2022-06-08 09:31:57.247","plane","NAPOLI",1549641114000,true,true,false,0,"ok","STATIONARY","NAPOLI","eArts",529,"UNKNOW","false"
{"lat":"45.64551675894887","lng":"8.724741292395818"},"LIMC","2022-06-08 09:31:57.247","plane","EZY152X",1549641081000,true,true,false,0,"ok","STATIONARY","EZY152X","eArts",349,"UNKNOW","false"
{"lat":"45.62417644286196","lng":"8.717764525109455"},"LIMC","2022-06-08 09:31:57.247","plane","AEA406",1549641082000,true,true,false,0,"ok","STATIONARY","AEA406","eArts",324,"UNKNOW","false"
{"lat":"45.62043065925101","lng":"8.720971821513615"},"LIMC","2022-06-08 09:31:57.247","plane","AUA516P",1549641083000,true,true,false,0,"ok","STATIONARY","AUA516P","eArts",80,"UNKNOW","false"
{"lat":"45.64605738463119","lng":"8.725169731353391"},"LIMC","2022-06-08 09:31:57.247","plane","EZY363E",1549641086000,true,true,false,0,"ok","STATIONARY","EZY363E","eArts",259,"UNKNOW","false"
{"lat":"45.62043065925101","lng":"8.720971821513615"},"LIMC","2022-06-08 09:31:57.247","plane","AUA516P",1549641086000,true,true,false,0,"ok","STATIONARY","AUA516P","eArts",80,"UNKNOW","false"
{"lat":"45.62417644286196","lng":"8.717764525109455"},"LIMC","2022-06-08 09:31:57.247","plane","AEA406",1549641089000,true,true,false,0,"ok","STATIONARY","AEA406","eArts",324,"UNKNOW","false"
{"lat":"45.625973455795105","lng":"8.719449853566177"},"LIMC","2022-06-08 09:31:57.247","plane","ADH138",1549641090000,true,true,false,0,"ok","STATIONARY","ADH138","eArts",79,"UNKNOW","false"
{"lat":"45.65010932415166","lng":"8.769248831054695"},"LIMC","2022-06-08 09:31:57.247","drone","fxOZQqBHKOtnQFskdkHw",1549641092000,false,false,false,3,"ok","none","Drone_01"," - Flutter App",0,"1FP8D5Gx2nCkwsXKiTPb","true"
{"lat":"45.621954133615844","lng":"8.71580164458004"},"LIMC","2022-06-08 09:31:57.247","plane","NAPOLI",1549641094000,true,true,false,0,"ok","STATIONARY","NAPOLI","eArts",529,"UNKNOW","false"
{"lat":"45.62460250393698","lng":"8.719825728416836"},"LIMC","2022-06-08 09:31:57.247","plane","ADH124",1549641097000,true,true,false,0,"ok","STATIONARY","ADH124","eArts",78,"UNKNOW","false"
{"lat":"45.62417644286196","lng":"8.717764525109455"},"LIMC","2022-06-08 09:31:57.247","plane","AEA406",1549641098000,true,true,false,0,"ok","STATIONARY","AEA406","eArts",324,"UNKNOW","false"
{"lat":"45.64551675894887","lng":"8.724741292395818"},"LIMC","2022-06-08 09:31:57.247","plane","EZY152X",1549641098000,true,true,false,0,"ok","STATIONARY","EZY152X","eArts",349,"UNKNOW","false"
{"lat":"45.64551675894887","lng":"8.724741292395818"},"LIMC","2022-06-08 09:31:57.247","plane","EZY152X",1549641099000,true,true,false,0,"ok","STATIONARY","EZY152X","eArts",349,"UNKNOW","false"
{"lat":"45.625973455795105","lng":"8.719449853566177"},"LIMC","2022-06-08 09:31:57.247","plane","ADH138",1549641100000,true,true,false,0,"ok","STATIONARY","ADH138","eArts",79,"UNKNOW","false"
{"lat":"45.61397832124927","lng":"8.775686132690437"},"LIMC","2022-06-08 09:31:57.247","drone","aM5zLwZDGDJciBNEtA17",1549641101000,false,false,false,3,"ok","none","Drone_03"," - Flutter App",0,"AOe1Xx3NxyiGci0wcwNf","true"
{"lat":"45.63600780059732","lng":"8.7640989897461"},"LIMC","2022-06-08 09:31:57.247","drone","O046ySYt3uAlSdLaaRM2",1549641101000,false,false,false,3,"ok","none","Drone_02"," - Flutter App",0,"zEctzVjoRiZ7T5aBTe6J","true"
{"lat":"45.62043065925101","lng":"8.720971821513615"},"LIMC","2022-06-08 09:31:57.247","plane","AUA516P",1549641101000,true,true,false,0,"ok","STATIONARY","AUA516P","eArts",80,"UNKNOW","false"
{"lat":"45.625973455795105","lng":"8.719449853566177"},"LIMC","2022-06-08 09:31:57.247","plane","ADH138",1549641102000,true,true,false,0,"ok","STATIONARY","ADH138","eArts",79,"UNKNOW","false"
{"lat":"45.621954133615844","lng":"8.71580164458004"},"LIMC","2022-06-08 09:31:57.247","plane","NAPOLI",1549641103000,true,true,false,0,"ok","STATIONARY","NAPOLI","eArts",529,"UNKNOW","false"
{"lat":"45.64551675894887","lng":"8.724741292395818"},"LIMC","2022-06-08 09:31:57.247","plane","EZY152X",1549641103000,true,true,false,0,"ok","STATIONARY","EZY152X","eArts",349,"UNKNOW","false"
{"lat":"45.63600780059732","lng":"8.7640989897461"},"LIMC","2022-06-08 09:31:57.247","drone","O046ySYt3uAlSdLaaRM2",1549641105000,false,false,false,3,"ok","none","Drone_02"," - Flutter App",0,"zEctzVjoRiZ7T5aBTe6J","true"
{"lat":"45.64551675894887","lng":"8.724741292395818"},"LIMC","2022-06-08 09:31:57.247","plane","EZY152X",1549641107000,true,true,false,0,"ok","STATIONARY","EZY152X","eArts",349,"UNKNOW","false"
{"lat":"45.62417644286196","lng":"8.717764525109455"},"LIMC","2022-06-08 09:31:57.247","plane","AEA406",1549641110000,true,true,false,0,"ok","STATIONARY","AEA406","eArts",324,"UNKNOW","false"
